Position,Down,Distance,Plays,Runs,Run Yards Exp,Run Points Exp,Passes,Pass Yards Exp,Pass Points Exp,Sacks,Sack Yards Exp,Sack Points Exp,Punts,Field Goals,Expected Yards,Expected Points
0,1,0,914,806,1.006203474,6.260545906,91,0.945054945,5.89010989,9,-7.555555556,2.111111111,0,0,0.915011038,6.182119205
0,1,1,271,218,2.775229358,5.931192661,48,1.729166667,5.8125,3,-8.333333333,5.666666667,0,1,2.464684015,5.907063197
0,1,2,1,0,0,0,0,0,0,0,0,0,0,0,0,0
0,1,3,3,3,10.33333333,4.666666667,0,0,0,0,0,0,0,0,10.33333333,4.666666667
0,1,4,0,0,0,0,0,0,0,0,0,0,0,0,0,0
0,2,0,810,678,1.05899705,6.241887906,118,0.881355932,5.661016949,9,-3.666666667,2.444444444,0,0,0.980124224,6.114285714
0,2,1,193,124,2.072580645,5.314516129,68,2,5.676470588,1,-11,3,0,0,1.979274611,5.430051813
0,2,2,2,1,0,3,1,2,7,0,0,0,0,0,1,5
0,2,3,0,0,0,0,0,0,0,0,0,0,0,0,0,0
0,2,4,0,0,0,0,0,0,0,0,0,0,0,0,0,0
0,3,0,594,427,1.00234192,5.512880562,154,1.045454545,4.909090909,8,-8.375,1.125,0,2,0.886247878,5.295415959
0,3,1,127,39,2.205128205,4.41025641,82,2.06097561,4.829268293,5,-8,1.8,0,0,1.706349206,4.579365079
0,3,2,0,0,0,0,0,0,0,0,0,0,0,0,0,0
0,3,3,0,0,0,0,0,0,0,0,0,0,0,0,0,0
0,3,4,0,0,0,0,0,0,0,0,0,0,0,0,0,0
0,4,0,220,130,0.423076923,4.576923077,62,1.225806452,3.725806452,1,-10,0,0,26,0.626943005,4.279792746
0,4,1,22,1,1,0,12,1.666666667,2.916666667,0,0,0,0,9,1.615384615,2.692307692
0,4,2,0,0,0,0,0,0,0,0,0,0,0,0,0,0
0,4,3,0,0,0,0,0,0,0,0,0,0,0,0,0,0
0,4,4,0,0,0,0,0,0,0,0,0,0,0,0,0,0
5,1,0,7,1,6,7,0,0,0,0,0,0,0,1,6,7
5,1,1,556,434,2.428571429,5.511520737,113,1.946902655,5.787610619,5,-5.6,4.8,0,0,2.257246377,5.561594203
5,1,2,894,612,3.168300654,5.367647059,256,3,5.08203125,6,-6.5,3.5,0,0,3.052631579,5.271167048
5,1,3,0,0,0,0,0,0,0,0,0,0,0,0,0,0
5,1,4,0,0,0,0,0,0,0,0,0,0,0,0,0,0
5,2,0,177,140,3.071428571,5.6,36,3.416666667,6.027777778,0,0,0,0,1,3.142045455,5.6875
5,2,1,617,397,2.680100756,5.136020151,205,2.751219512,5.43902439,13,-6.461538462,4.384615385,0,0,2.510569106,5.221138211
5,2,2,481,237,3.265822785,4.776371308,227,3.449339207,4.810572687,11,-4.909090909,2.636363636,0,2,3.164210526,4.743157895
5,2,3,1,0,0,0,1,6,0,0,0,0,0,0,6,0
5,2,4,0,0,0,0,0,0,0,0,0,0,0,0,0,0
5,3,0,227,176,2.914772727,5.431818182,47,2.170212766,3.914893617,2,-6.5,3,0,1,2.675555556,5.093333333
5,3,1,370,106,2.726415094,4.283018868,234,2.517094017,4.363247863,28,-5.928571429,1.642857143,0,0,1.934782609,4.133152174
5,3,2,224,40,4.275,4.175,154,3.584415584,4.383116883,25,-8.12,1.24,0,2,2.374429224,3.98630137
5,3,3,0,0,0,0,0,0,0,0,0,0,0,0,0,0
5,3,4,1,0,0,0,0,0,0,1,-4,0,0,0,-4,0
5,4,0,114,48,2.875,4.854166667,14,2.214285714,2,2,-3.5,0,0,50,2.53125,4.078125
5,4,1,75,6,0.333333333,1.166666667,20,2.05,2.1,2,-8.5,0,0,45,0.928571429,1.75
5,4,2,49,2,7.5,7,5,3,2.8,3,-17,0,0,39,-2.1,2.8
5,4,3,2,0,0,0,0,0,0,0,0,0,0,0,0,0
5,4,4,1,0,0,0,0,0,0,0,0,0,1,0,0,0
10,1,0,0,0,0,0,0,0,0,0,0,0,0,0,0,0
10,1,1,13,7,6,7,2,10,7,2,-7,0,0,2,4.363636364,5.727272727
10,1,2,1586,1116,4.151433692,4.944444444,434,4.788018433,4.866359447,12,-5,4.166666667,0,3,4.258002561,4.916773367
10,1,3,24,17,3.941176471,5.470588235,6,3.166666667,3.833333333,0,0,0,0,0,3.739130435,5.043478261
10,1,4,1,0,0,0,0,0,0,0,0,0,0,0,0,0
10,2,0,179,130,4.223076923,5.461538462,42,3.976190476,4.428571429,3,-6,3.333333333,0,4,3.988571429,5.177142857
10,2,1,282,196,4.265306122,5.153061224,79,3.835443038,4.82278481,3,-4.333333333,4.333333333,0,2,4.050359712,5.050359712
10,2,2,658,329,4.343465046,4.550151976,303,3.97029703,4.498349835,16,-5.125,3,0,4,3.935185185,4.487654321
10,2,3,149,67,4.731343284,4.089552239,73,4.917808219,4.561643836,6,-5,2.666666667,0,0,4.424657534,4.267123288
10,2,4,1,1,-1,0,0,0,0,0,0,0,0,0,-1,0
10,3,0,226,164,3.548780488,5.073170732,59,4.355932203,4.254237288,1,-5,0,0,2,3.723214286,4.834821429
10,3,1,201,61,4.327868852,4.147540984,124,3.596774194,4,11,-6.818181818,1.636363636,0,4,3.239795918,3.913265306
10,3,2,306,61,6.852459016,3.704918033,228,4.127192982,3.807017544,16,-6.375,2.25,0,1,4.121311475,3.704918033
10,3,3,97,21,6.047619048,3.142857143,66,4.696969697,3.712121212,9,-4.666666667,2.333333333,0,0,4.114583333,3.458333333
10,3,4,0,0,0,0,0,0,0,0,0,0,0,0,0,0
10,4,0,163,53,2.58490566,3.698113208,17,5.058823529,2.470588235,0,0,0,0,93,3.185714286,3.4
10,4,1,164,7,2,0,8,6.25,2.625,0,0,0,0,149,4.266666667,1.4
10,4,2,78,5,-0.8,0,12,3.416666667,1.75,1,-11,0,0,60,1.444444444,1.166666667
10,4,3,30,1,5,0,7,5.142857143,3,0,0,0,0,22,5.125,2.625
10,4,4,1,1,0,0,0,0,0,0,0,0,0,0,0,0
15,1,0,0,0,0,0,0,0,0,0,0,0,0,0,0,0
15,1,1,3,1,1,7,2,7,7,0,0,0,0,0,5,7
15,1,2,1622,996,4.8062249,4.68373494,556,5.839928058,4.598920863,33,-5.363636364,3.363636364,0,8,4.957097792,4.626498423
15,1,3,46,24,3.916666667,2.708333333,17,3.823529412,5.058823529,2,-6,5,0,0,3.418604651,3.744186047
15,1,4,0,0,0,0,0,0,0,0,0,0,0,0,0,0
15,2,0,195,152,5.328947368,5.078947368,42,3.428571429,4.666666667,0,0,0,0,1,4.917525773,4.989690722
15,2,1,294,173,5.306358382,4.797687861,118,6.186440678,4.771186441,2,-3.5,3.5,0,0,5.600682594,4.778156997
15,2,2,658,328,5.5,4.335365854,305,5.232786885,4.481967213,19,-4.421052632,1.526315789,0,6,5.085889571,4.32208589
15,2,3,179,67,5.28358209,4.417910448,94,4.840425532,3.521276596,7,-6.428571429,3.571428571,0,3,4.547619048,3.880952381
15,2,4,0,0,0,0,0,0,0,0,0,0,0,0,0,0
15,3,0,262,190,3.857894737,4.4,68,5.205882353,3.926470588,2,-4.5,0,0,2,4.146153846,4.242307692
15,3,1,212,59,5.06779661,3.610169492,138,5.739130435,4.268115942,12,-7.25,1.833333333,0,1,4.803827751,3.942583732
15,3,2,258,40,6.375,3.65,198,5.318181818,3.666666667,12,-6.166666667,2.333333333,0,7,4.936,3.6
15,3,3,144,30,5.3,3.3,102,4.333333333,3.117647059,9,-5.888888889,1.666666667,0,0,3.886524823,3.063829787
15,3,4,0,0,0,0,0,0,0,0,0,0,0,0,0,0
15,4,0,138,56,2.357142857,3.357142857,14,3.5,3.214285714,2,-2,0,0,66,2.458333333,3.236111111
15,4,1,139,6,6.666666667,4,11,4.363636364,1.909090909,0,0,0,0,122,5.176470588,2.647058824
15,4,2,163,3,13.66666667,7,9,4,1.555555556,1,-8,0,1,149,5.307692308,2.692307692
15,4,3,45,2,-8.5,0,9,0,0,1,-6,0,1,30,-1.916666667,0
15,4,4,0,0,0,0,0,0,0,0,0,0,0,0,0,0
20,1,0,0,0,0,0,0,0,0,0,0,0,0,0,0,0
20,1,1,15,9,4.222222222,4.111111111,4,0,6,2,-5.5,1.5,0,0,1.8,4.266666667
20,1,2,1730,1010,5.161386139,4.238613861,658,6.37993921,4.313069909,31,-6.193548387,2.838709677,0,4,5.426133019,4.241907004
20,1,3,67,32,4.28125,3.15625,33,8.060606061,4.151515152,0,0,0,0,0,6.2,3.661538462
20,1,4,41,2,10.5,3.5,5,8.8,5.4,0,0,0,0,0,9.285714286,4.857142857
20,2,0,207,152,4.203947368,4.572368421,51,6.156862745,5.137254902,4,-6.25,1.75,0,0,4.483091787,4.657004831
20,2,1,295,182,5.32967033,4.478021978,102,4.960784314,4.607843137,7,-6.142857143,4.285714286,0,1,4.924398625,4.518900344
20,2,2,707,348,5.724137931,4.00862069,327,6.23853211,4.039755352,20,-6.7,2.15,0,9,5.608633094,3.969784173
20,2,3,183,66,5.924242424,4.106060606,99,7.262626263,4.04040404,10,-8,0.9,0,1,5.885714286,3.885714286
20,2,4,14,6,3.833333333,2.666666667,7,10.14285714,4.285714286,0,0,0,0,0,7.230769231,3.538461538
20,3,0,259,190,3.5,3.836842105,65,5.784615385,4.046153846,4,-4.5,1.5,0,0,3.94980695,3.853281853
20,3,1,239,79,4.886075949,3.405063291,147,6.25170068,3.517006803,10,-6.4,2.5,0,2,5.258474576,3.436440678
20,3,2,261,56,7.357142857,3.375,189,6.222222222,3.116402116,14,-5.714285714,1.714285714,0,1,5.822393822,3.096525097
20,3,3,112,24,4.083333333,2.791666667,78,5.397435897,2.717948718,6,-8.666666667,2.166666667,0,1,4.324074074,2.703703704
20,3,4,17,5,4.2,1.8,8,2.875,3.625,4,-9.25,1.5,0,0,0.411764706,2.588235294
20,4,0,158,74,3.405405405,2.756756757,26,5.038461538,2.384615385,1,-7,0,0,57,3.722772277,2.633663366
20,4,1,97,4,6,2.5,11,7.272727273,2.181818182,1,-8,0,0,80,6,2.125
20,4,2,118,4,9,1.75,14,6.357142857,2,2,-7.5,0,0,98,5.5,1.75
20,4,3,116,2,7.5,0,8,8.625,2.125,2,-10.5,0,1,101,5.25,1.416666667
20,4,4,7,0,0,0,1,0,0,0,0,0,0,6,0,0
25,1,0,0,0,0,0,0,0,0,0,0,0,0,0,0,0
25,1,1,17,8,1.75,3.625,8,2.375,6,0,0,0,0,0,2.0625,4.8125
25,1,2,2043,1182,5.170050761,3.879864636,795,7.074213836,4.066666667,32,-6.75,2.1875,0,7,5.733698357,3.926829268
25,1,3,70,27,5.444444444,4.444444444,40,8.225,4.15,1,-9,0,0,0,6.867647059,4.205882353
25,1,4,6,4,11.5,5.25,2,9.5,1.5,0,0,0,0,0,10.83333333,4
25,2,0,244,164,4.579268293,4.213414634,76,6.171052632,4.447368421,2,-7,3,0,1,4.983471074,4.276859504
25,2,1,355,210,5.60952381,4.357142857,133,5.887218045,4.368421053,8,-7.5,1.625,0,1,5.415954416,4.299145299
25,2,2,785,362,5.29281768,3.660220994,393,6.506361323,3.684478372,27,-6.740740741,1.925925926,0,1,5.487212276,3.612531969
25,2,3,215,67,5.567164179,4.119402985,129,7.341085271,3.379844961,7,-7,0.857142857,0,2,6.261083744,3.536945813
25,2,4,17,6,10.66666667,3.333333333,10,5.6,2.6,1,-14,0,0,0,6.235294118,2.705882353
25,3,0,282,206,4.587378641,4.233009709,73,7.808219178,4.410958904,3,-15,0,0,0,5.212765957,4.234042553
25,3,1,272,95,5.231578947,3.294736842,165,6.727272727,3.654545455,8,-5.625,1.625,0,1,5.828358209,3.46641791
25,3,2,311,54,6.722222222,2.944444444,236,5.716101695,2.737288136,18,-6,1.277777778,0,2,5.207792208,2.688311688
25,3,3,148,28,9.071428571,3.321428571,102,6.519607843,2.431372549,13,-7.615384615,0.923076923,0,2,5.734265734,2.468531469
25,3,4,17,3,5.333333333,1,12,4.583333333,2.083333333,2,-3.5,0,0,0,3.764705882,1.647058824
25,4,0,173,74,3.216216216,2.689189189,35,5.971428571,3.228571429,5,-8.4,0,0,59,3.552631579,2.736842105
25,4,1,122,13,12.15384615,3.461538462,27,5.703703704,2.296296296,2,-7.5,0,2,78,7.071428571,2.547619048
25,4,2,146,4,6,1.75,30,5.966666667,1.4,2,-7.5,0,1,108,5.222222222,1.361111111
25,4,3,90,3,11.66666667,2.333333333,8,13.125,3.5,0,0,0,2,77,12.72727273,3.181818182
25,4,4,9,0,0,0,1,0,0,0,0,0,2,6,0,0
30,1,0,1,0,0,0,1,-2,7,0,0,0,0,0,-2,7
30,1,1,10,4,13.25,6,6,8.166666667,1.666666667,0,0,0,0,0,10.2,3.4
30,1,2,2041,1160,5.59137931,3.715517241,796,7.449748744,4.064070352,50,-6.92,2.32,0,4,6.016949153,3.819042871
30,1,3,88,33,4.939393939,2.909090909,26,3.269230769,4.423076923,1,-11,0,0,0,3.95,3.516666667
30,1,4,15,6,1.833333333,1,9,5.777777778,4.666666667,0,0,0,0,0,4.2,3.2
30,2,0,233,154,5.785714286,3.961038961,73,8.589041096,4.164383562,2,-6,3,0,2,6.576419214,4.017467249
30,2,1,348,198,4.46969697,3.898989899,140,6.5,4.378571429,8,-6.625,0.875,0,1,5.034682081,4.023121387
30,2,2,790,377,6.029177719,3.721485411,381,7.146981627,3.606299213,24,-5.625,1.625,0,3,6.216112532,3.601023018
30,2,3,248,76,6.118421053,3.013157895,153,7.08496732,2.921568627,8,-7.875,0.875,0,0,6.270042194,2.88185654
30,2,4,20,7,12,5.285714286,13,11.46153846,2.846153846,0,0,0,0,0,11.65,3.7
30,3,0,286,204,4.43627451,3.406862745,80,7.1125,3.3375,2,-7.5,0,0,0,5.101398601,3.363636364
30,3,1,268,90,6.566666667,2.955555556,167,7.25748503,3.155688623,10,-7.2,0,0,1,6.483146067,2.970037453
30,3,2,311,66,5.303030303,2.015151515,219,8.904109589,3.187214612,21,-4.666666667,0.952380952,0,3,7.196078431,2.781045752
30,3,3,165,38,7.973684211,2.526315789,110,8.218181818,2.436363636,13,-6.307692308,0.461538462,0,0,6.98757764,2.298136646
30,3,4,17,6,5.333333333,3.166666667,10,11.3,3.3,0,0,0,0,1,9.0625,3.25
30,4,0,194,99,2.454545455,2.464646465,42,5.380952381,1.880952381,2,-9.5,0,5,46,3.146853147,2.258741259
30,4,1,159,9,4.888888889,1.555555556,44,6,1.977272727,6,-9,1.166666667,9,91,4.305084746,1.830508475
30,4,2,184,11,7.545454545,1.272727273,40,8.65,1.975,8,-5.75,0,11,114,6.491525424,1.576271186
30,4,3,102,5,11.4,0.6,18,10.66666667,1.444444444,2,-9,0,11,66,9.24,1.16
30,4,4,20,1,25,7,2,6.5,0,0,0,0,1,16,12.66666667,2.333333333
35,1,0,1,0,0,0,0,0,0,0,0,0,0,0,0,0
35,1,1,17,7,12.57142857,3.428571429,8,9.125,4.375,1,-8,7,0,1,9.5625,4.125
35,1,2,3184,1161,5.339362618,3.419465978,970,8.151546392,3.609278351,56,-6.142857143,2.160714286,1,7,6.292638317,3.471422039
35,1,3,71,27,5.518518519,3.481481481,40,6.275,3.45,0,0,0,0,0,5.970149254,3.462686567
35,1,4,9,4,7.25,2.25,3,11,2.333333333,0,0,0,0,0,8.857142857,2.285714286
35,2,0,292,185,4.821621622,4.086486486,85,8.529411765,4.352941176,2,-6.5,0,0,0,5.897058824,4.139705882
35,2,1,456,265,5.498113208,3.350943396,152,7.447368421,3.467105263,7,-4.857142857,0,0,0,6.025943396,3.337264151
35,2,2,960,400,5.1,2.88,445,6.062921348,3.04494382,28,-6.928571429,2.071428571,0,5,5.205040092,2.93814433
35,2,3,410,64,5.171875,2.03125,147,6.639455782,2.727891156,4,-6.75,0,0,1,5.953488372,2.469767442
35,2,4,33,6,4.666666667,2.166666667,18,7.888888889,2.166666667,1,-7,0,0,0,6.52,2.08
35,3,0,329,230,5.334782609,3.613043478,77,6.623376623,3.38961039,2,-4,3.5,0,2,5.595469256,3.556634304
35,3,1,355,111,5.684684685,2.900900901,202,8.252475248,3.069306931,11,-7.727272727,0.636363636,0,1,6.830246914,2.929012346
35,3,2,393,69,6.550724638,2.942028986,280,6.553571429,2.135714286,16,-6.25,0,0,4,5.991780822,2.194520548
35,3,3,191,22,6.545454545,2.227272727,125,9.296,1.88,11,-7.090909091,0,0,0,7.772151899,1.797468354
35,3,4,32,6,3.5,1,18,7.666666667,1.277777778,1,-7,0,0,1,6.08,1.16
35,4,0,212,109,4.95412844,3.110091743,49,6.571428571,2.836734694,0,0,0,18,24,5.455696203,3.025316456
35,4,1,171,11,4.727272727,3.181818182,56,8.428571429,2.303571429,5,-7,0,49,39,6.791666667,2.277777778
35,4,2,267,13,6.384615385,1.538461538,52,8.230769231,2.038461538,6,-6.333333333,0,94,82,6.661971831,1.774647887
35,4,3,175,6,5.833333333,0.5,16,6.5625,1.75,2,-8.5,0,72,60,5.125,1.291666667
35,4,4,42,0,0,0,1,0,0,1,-8,0,18,20,-4,0
40,1,0,0,0,0,0,0,0,0,0,0,0,0,0,0,0
40,1,1,12,8,5.25,3,2,1.5,3.5,1,-13,0,0,0,2.909090909,2.818181818
40,1,2,2404,1297,5.305319969,3.225905937,1005,8.028855721,3.48159204,58,-5.827586207,2.25862069,0,7,6.191525424,3.311016949
40,1,3,55,17,5.235294118,2.941176471,37,4.567567568,2.783783784,0,0,0,0,1,4.777777778,2.833333333
40,1,4,11,3,4,1,6,4.5,3.333333333,2,-1,0,0,0,3.363636364,2.090909091
40,2,0,295,192,5.427083333,3.671875,96,6.791666667,3.916666667,6,-6,1.166666667,0,0,5.639455782,3.700680272
40,2,1,410,244,5.819672131,3.081967213,157,5.292993631,3.350318471,8,-3.5,1.75,0,0,5.435207824,3.158924205
40,2,2,937,405,6.637037037,3.12345679,498,7.297188755,3.170682731,32,-5.71875,0.875,0,0,6.565775401,3.071657754
40,2,3,255,79,5.708860759,2.367088608,153,8.366013072,2.764705882,7,-3.714285714,1,0,0,7.133891213,2.581589958
40,2,4,20,4,2.5,1.5,11,12.81818182,2.181818182,2,-3,1.5,0,0,8.529411765,1.941176471
40,3,0,352,240,4.079166667,2.8375,108,6.824074074,2.212962963,4,-4.5,0,0,0,4.823863636,2.613636364
40,3,1,306,85,3.952941176,1.670588235,209,8.043062201,2.732057416,11,-7.363636364,0,0,1,6.347540984,2.337704918
40,3,2,349,75,6.293333333,2.16,248,8.012096774,2.241935484,20,-7.2,0.35,2,2,6.749271137,2.113702624
40,3,3,190,37,7.648648649,1.27027027,131,7.267175573,1.854961832,15,-7.6,0,2,3,6.12568306,1.584699454
40,3,4,25,2,28,3.5,18,12.66666667,1.055555556,3,-8.333333333,0,0,0,11.26086957,1.130434783
40,4,0,206,85,4,2.341176471,45,6.088888889,2.688888889,1,-6,0,70,5,4.641221374,2.442748092
40,4,1,148,4,16.75,4.25,26,6.692307692,2.961538462,1,-8,0,102,14,7.516129032,3.032258065
40,4,2,188,3,4,0,18,7.722222222,1.555555556,1,-9,0,130,35,6.454545455,1.272727273
40,4,3,157,0,0,0,11,5.454545455,0.636363636,0,0,0,122,24,5.454545455,0.636363636
40,4,4,24,0,0,0,0,0,0,0,0,0,18,6,0,0
45,1,0,1,1,4,0,0,0,0,0,0,0,0,0,4,0
45,1,1,7,4,9.75,0,3,3.333333333,4.666666667,0,0,0,0,0,7,2
45,1,2,2609,1442,5.932038835,2.963938974,1062,8.003766478,3.109227872,64,-6,1.390625,0,2,6.491433022,2.984813084
45,1,3,88,48,5.3125,2.5625,38,10.60526316,2.894736842,1,-12,7,0,0,7.425287356,2.75862069
45,1,4,12,7,6.857142857,1,5,12.8,4.2,0,0,0,0,0,9.333333333,2.333333333
45,2,0,317,196,5.219387755,3.62244898,114,6.122807018,3.736842105,4,8.5,1.75,0,1,5.589171975,3.640127389
45,2,1,496,290,5.051724138,2.837931034,188,7.361702128,3.079787234,14,-5.571428571,1.5,0,0,5.632113821,2.892276423
45,2,2,1007,426,6.138497653,2.262910798,537,7.433891993,2.82867784,40,-5.825,0.6,1,2,6.354935194,2.499501496
45,2,3,275,96,6.322916667,2.53125,151,7.046357616,2.317880795,15,-5.733333333,1.4,0,0,6.049618321,2.34351145
45,2,4,27,9,2.888888889,1,18,7.444444444,1.111111111,0,0,0,0,0,5.925925926,1.074074074
45,3,0,335,233,5.124463519,2.905579399,95,5.894736842,2.652631579,5,-8.4,0,0,2,5.141141141,2.78978979
45,3,1,349,93,7.204301075,2.387096774,232,7.090517241,2.452586207,24,-7.583333333,0.583333333,0,0,6.111747851,2.306590258
45,3,2,407,84,7.476190476,2.071428571,289,6.332179931,1.806228374,33,-5.333333333,0.424242424,0,0,5.620689655,1.748768473
45,3,3,189,31,9.35483871,1.64516129,127,6.181102362,0.937007874,24,-6.291666667,0.291666667,0,0,5.076923077,0.972527473
45,3,4,31,3,11.66666667,0,27,5.740740741,0.333333333,1,-4,0,0,0,6,0.290322581
45,4,0,179,61,4.147540984,2.426229508,22,6.818181818,2.181818182,1,-6,0,95,0,4.726190476,2.333333333
45,4,1,175,3,1.666666667,2.333333333,15,8.066666667,2.333333333,0,0,0,157,0,7,2.333333333
45,4,2,211,6,4.833333333,1.166666667,11,7.090909091,0.636363636,1,-11,0,190,3,5.333333333,0.777777778
45,4,3,146,0,0,0,8,9.125,0.875,1,-7,0,135,2,7.333333333,0.777777778
45,4,4,28,0,0,0,0,0,0,0,0,0,27,1,0,0
50,1,0,0,0,0,0,0,0,0,0,0,0,0,0,0,0
50,1,1,11,8,6.25,2.875,3,0,0,0,0,0,0,0,4.545454545,2.090909091
50,1,2,2993,1600,5.316875,2.719375,1257,8.829753381,2.877486078,67,-6.507462687,1.28358209,0,1,6.556087551,2.754445964
50,1,3,81,44,4.340909091,2.272727273,34,8.588235294,2.735294118,3,-6.666666667,4.666666667,0,0,5.716049383,2.555555556
50,1,4,10,4,12,5,4,27,5.25,0,0,0,0,0,19.5,5.125
50,2,0,370,237,5.156118143,2.717299578,126,7.912698413,3.214285714,7,-6.857142857,0,0,0,5.867567568,2.835135135
50,2,1,517,302,5.602649007,2.635761589,204,7.534313725,2.529411765,10,-7.1,0.6,0,0,6.120155039,2.554263566
50,2,2,1118,466,6.278969957,2.233905579,614,8.050488599,2.483713355,37,-6.108108108,0.72972973,0,0,6.842435094,2.321396598
50,2,3,320,121,6.917355372,2.198347107,167,7.065868263,2.251497006,14,-6.428571429,0.214285714,0,0,6.380794702,2.135761589
50,2,4,24,6,2.666666667,1.166666667,18,6.666666667,0.888888889,0,0,0,0,0,5.666666667,0.958333333
50,3,0,415,287,4.536585366,2.198606272,117,8.427350427,2.64957265,10,-7.7,0,0,0,5.34057971,2.27294686
50,3,1,321,71,5.563380282,1.85915493,232,7.362068966,2.047413793,16,-7.125,0.4375,0,0,6.235109718,1.92476489
50,3,2,455,84,8.5,1.761904762,335,7.480597015,1.528358209,33,-5.090909091,0,2,0,6.752212389,1.460176991
50,3,3,223,34,7.676470588,0.5,160,7.41875,1.3625,22,-9.090909091,0,3,0,5.777777778,1.087962963
50,3,4,24,6,9.833333333,0,17,8.529411765,0.823529412,1,-6,0,0,0,8.25,0.583333333
50,4,0,230,66,3.924242424,2.242424242,13,11.15384615,2.153846154,2,-4.5,0,149,0,4.87654321,2.172839506
50,4,1,178,7,4.857142857,0.428571429,12,10.5,2.25,0,0,0,159,0,8.421052632,1.578947368
50,4,2,210,4,25,3.5,17,11.76470588,2.235294118,2,-4,0,187,0,12.69565217,2.260869565
50,4,3,145,2,5.5,0,8,3.625,0.875,0,0,0,135,0,4,0.7
50,4,4,26,0,0,0,7,9.714285714,1,0,0,0,19,0,9.714285714,1
55,1,0,0,0,0,0,0,0,0,0,0,0,0,0,0,0
55,1,1,17,7,3,3.428571429,10,4.4,1.4,0,0,0,0,0,3.823529412,2.235294118
55,1,2,2852,1513,5.962326504,2.514210178,1242,8.557165862,2.808373591,69,-6.057971014,1.217391304,0,0,6.809844193,2.611898017
55,1,3,93,49,6.979591837,2.367346939,40,7.3,3.25,3,-5.666666667,2.333333333,0,0,6.706521739,2.75
55,1,4,11,4,2.25,0,6,7.666666667,2.833333333,1,-7,0,0,0,4.363636364,1.545454545
55,2,0,407,270,4.685185185,2.859259259,132,6.704545455,3.257575758,3,-3.666666667,2.333333333,0,0,5.281481481,2.985185185
55,2,1,670,388,5.706185567,2.510309278,266,6.812030075,2.511278195,15,-6.4,0.466666667,0,0,5.874439462,2.464872945
55,2,2,1154,538,5.923791822,2.078066915,577,6.991334489,2.317157712,39,-7.025641026,0.358974359,0,0,6.019930676,2.139514731
55,2,3,329,106,5.811320755,1.632075472,202,7.381188119,1.955445545,13,-6,0.230769231,0,0,6.320872274,1.778816199
55,2,4,21,8,2.125,1.75,12,4.416666667,0.583333333,1,-9,7,0,0,2.904761905,1.333333333
55,3,0,501,329,5.58662614,2.76899696,161,6.807453416,1.881987578,10,-3.8,0,1,0,5.792,2.428
55,3,1,429,93,6.430107527,1.946236559,316,6.642405063,1.433544304,19,-6.842105263,0.368421053,0,0,5.997663551,1.497663551
55,3,2,455,87,7.218390805,1.540229885,332,7.174698795,1.126506024,36,-6.888888889,0,0,0,6.07032967,1.116483516
55,3,3,249,50,8.24,0.34,168,5.511904762,0.875,28,-5.678571429,0.25,0,0,4.792682927,0.695121951
55,3,4,22,5,8.2,0,14,6.642857143,0.214285714,3,-8,0,0,0,5,0.136363636
55,4,0,235,51,4.705882353,1.823529412,12,5.5,2.916666667,0,0,0,172,0,4.857142857,2.031746032
55,4,1,240,8,-2.125,0.375,10,2.8,0,2,-11.5,0,220,0,-0.6,0.15
55,4,2,219,1,4,0,8,6.625,0,0,0,0,210,0,6.333333333,0
55,4,3,180,0,0,0,9,10.55555556,2.333333333,0,0,0,171,0,10.55555556,2.333333333
55,4,4,20,0,0,0,0,0,0,0,0,0,20,0,0,0
60,1,0,0,0,0,0,0,0,0,0,0,0,0,0,0,0
60,1,1,23,12,3.833333333,3.166666667,7,13.85714286,3.857142857,2,-10.5,1.5,0,0,5.80952381,3.238095238
60,1,2,3676,2082,5.899135447,2.050912584,1476,8.113821138,2.41598916,81,-6.37037037,2.086419753,0,0,6.524319868,2.199780159
60,1,3,96,35,6.171428571,1.885714286,55,9.672727273,2.436363636,6,-5.5,3.333333333,0,0,7.447916667,2.291666667
60,1,4,11,5,4.4,1.4,6,0,0,0,0,0,0,0,2,0.636363636
60,2,0,355,210,5.052380952,2.619047619,140,7.192857143,2.421428571,3,-5.333333333,0,0,0,5.813031161,2.518413598
60,2,1,541,318,5.424528302,2.323899371,211,6.701421801,2.36492891,11,-7.090909091,0.636363636,0,0,5.668518519,2.305555556
60,2,2,1414,650,5.393846154,1.752307692,721,6.468793343,2.099861304,41,-6.268292683,0.243902439,0,0,5.604107649,1.885977337
60,2,3,298,97,6.597938144,1.618556701,186,8.107526882,1.715053763,10,-5.5,1.4,0,0,7.14334471,1.672354949
60,2,4,38,16,4.5625,1.75,22,11.63636364,2.045454545,0,0,0,0,0,8.657894737,1.921052632
60,3,0,414,282,5.567375887,2.312056738,129,6.302325581,1.147286822,2,-8.5,0,0,0,5.728813559,1.937046005
60,3,1,413,90,5.677777778,1.111111111,299,6.839464883,1.585284281,24,-7.708333333,0,0,0,5.740920097,1.389830508
60,3,2,609,105,7.59047619,1.247619048,455,6.892307692,1.305494505,46,-7.347826087,0.304347826,2,0,5.932343234,1.219471947
60,3,3,266,41,7.585365854,0.585365854,195,6.635897436,0.948717949,28,-6.285714286,0,0,0,5.412878788,0.791666667
60,3,4,27,6,8.333333333,0,19,5.894736842,0.736842105,2,-6,0,0,0,5.555555556,0.518518519
60,4,0,212,25,4.96,3.64,5,2.8,0.6,1,-3,0,180,0,4.35483871,3.032258065
60,4,1,207,3,32,4.333333333,6,4.666666667,2.333333333,0,0,0,198,0,13.77777778,3
60,4,2,276,4,2.25,0,11,6.454545455,0.636363636,0,0,0,260,0,5.333333333,0.466666667
60,4,3,171,1,-8,0,9,12.44444444,0,1,0,0,160,0,9.454545455,0
60,4,4,35,0,0,0,2,0,3.5,0,0,0,33,0,0,3.5
65,1,0,2,0,0,0,0,0,0,0,0,0,0,0,0,0
65,1,1,9,4,4.5,4.25,5,8.6,2.8,0,0,0,0,0,6.777777778,3.444444444
65,1,2,3358,1904,5.847163866,1.920693277,1331,8.524417731,2.28174305,79,-6.037974684,1.443037975,0,0,6.63910682,2.054315027
65,1,3,93,47,5.382978723,2.106382979,44,7.613636364,1.909090909,1,-9,0,0,0,6.293478261,1.989130435
65,1,4,13,6,8.166666667,0,6,6.666666667,3.5,0,0,0,0,0,7.416666667,1.75
65,2,0,680,467,5.188436831,2.541755889,199,6.025125628,2.226130653,14,-6.5,1.5,0,0,5.192647059,2.427941176
65,2,1,653,399,5.278195489,1.784461153,240,8.725,2.3625,12,-6.833333333,1.166666667,0,0,6.325652842,1.986175115
65,2,2,1183,546,5.135531136,1.750915751,599,6.929883139,1.879799666,34,-6.147058824,0.5,0,0,5.721798134,1.780322307
65,2,3,406,133,6.578947368,1.142857143,250,7.828,1.796,13,-6,0.230769231,0,0,6.954545455,1.525252525
65,2,4,25,11,4.363636364,0.545454545,13,8,0.769230769,1,-6,0,0,0,5.84,0.64
65,3,0,746,497,4.828973843,1.816901408,231,6.173160173,1.874458874,17,-8.470588235,-0.117647059,1,0,4.942281879,1.790604027
65,3,1,481,103,5.689320388,1.300970874,347,7.227665706,1.106628242,31,-5.741935484,0.225806452,0,0,6.062370062,1.091476091
65,3,2,453,72,9.138888889,0.958333333,326,6.291411043,1.067484663,54,-6.333333333,0.388888889,1,0,5.236725664,0.969026549
65,3,3,296,62,7.387096774,0.338709677,195,7.369230769,0.856410256,36,-7.444444444,0.388888889,1,0,5.552901024,0.689419795
65,3,4,28,8,11.625,0,19,9.894736842,1.631578947,1,-11,0,0,0,9.642857143,1.107142857
65,4,0,381,40,3.875,1.525,8,5.25,1.75,1,-13,0,332,0,3.755102041,1.530612245
65,4,1,233,6,10,2.333333333,5,6.4,1.4,0,0,0,221,0,8.363636364,1.909090909
65,4,2,227,4,12,1.5,5,7,2.8,0,0,0,218,0,9.222222222,2.222222222
65,4,3,214,1,0,0,5,5.2,2.8,0,0,0,207,1,4.333333333,2.333333333
65,4,4,38,0,0,0,3,11.66666667,0,0,0,0,35,0,11.66666667,0
70,1,0,1,1,1,0,0,0,0,0,0,0,0,0,1,0
70,1,1,33,20,4.75,2.25,13,12.23076923,3.692307692,0,0,0,0,0,7.696969697,2.818181818
70,1,2,2908,1625,5.782769231,1.613538462,1179,8.09245123,1.903307888,59,-5.220338983,0.576271186,1,0,6.507160321,1.711491443
70,1,3,93,44,6.068181818,1.409090909,36,5.777777778,2.277777778,1,-5,0,0,0,5.802469136,1.777777778
70,1,4,13,5,0,0.6,6,5.166666667,1.166666667,1,-16,7,0,0,1.25,1.416666667
70,2,0,359,261,6.229885057,1.946360153,95,8.242105263,1.926315789,3,-3,0,0,0,6.685236769,1.924791086
70,2,1,905,541,5.545286506,1.791127542,350,6.025714286,1.865714286,13,-7,0.769230769,0,0,5.550884956,1.805309735
70,2,2,1674,785,5.457324841,1.298089172,827,6.713422007,1.790810157,59,-6.559322034,0.491525424,0,0,5.654697786,1.513464991
70,2,3,368,137,5.547445255,1.03649635,214,6.275700935,1.38317757,6,-8.833333333,0,0,0,5.742296919,1.226890756
70,2,4,29,11,15.18181818,2.090909091,17,15,1.411764706,0,0,0,0,0,15.07142857,1.678571429
70,3,0,410,238,5.012605042,1.676470588,163,6.116564417,1.374233129,7,-8.714285714,0,0,0,5.218137255,1.526960784
70,3,1,644,133,6.894736842,1.135338346,486,6.631687243,1.21399177,25,-7.4,0,0,0,6.141304348,1.150621118
70,3,2,752,109,7.348623853,0.642201835,570,7.289473684,1.015789474,73,-6.767123288,0.191780822,0,0,5.933510638,0.881648936
70,3,3,300,82,7.426829268,0.804878049,188,6.537234043,0.569148936,26,-6.730769231,0.269230769,1,0,5.618243243,0.608108108
70,3,4,22,9,7.222222222,0.333333333,12,3.75,0,1,3,0,0,0,5.136363636,0.136363636
70,4,0,204,12,1.583333333,0.583333333,5,7.2,2.8,0,0,0,187,0,3.235294118,1.235294118
70,4,1,302,7,5.571428571,0,9,5.111111111,1.111111111,1,-22,0,284,1,3.705882353,0.588235294
70,4,2,370,6,9,1.166666667,5,6.6,1.4,0,0,0,358,0,7.909090909,1.272727273
70,4,3,208,0,0,0,11,8.818181818,1.181818182,0,0,0,196,0,8.818181818,1.181818182
70,4,4,31,1,-16,0,1,3,0,0,0,0,29,0,-6.5,0
75,1,0,0,0,0,0,0,0,0,0,0,0,0,0,0,0
75,1,1,9,6,10.16666667,0.5,3,35.33333333,7,0,0,0,0,0,18.55555556,2.666666667
75,1,2,5551,3130,5.413738019,1.520127796,2240,7.950446429,1.719196429,106,-6,0.537735849,0,0,6.23046019,1.582542001
75,1,3,107,64,7.953125,1.6875,37,12.18918919,2.405405405,3,-10.66666667,0,0,0,8.923076923,1.894230769
75,1,4,21,13,13.15384615,1.307692308,8,14.125,0.875,0,0,0,0,0,13.52380952,1.142857143
75,2,0,200,148,4.702702703,1.864864865,52,7.346153846,1.846153846,0,0,0,0,0,5.39,1.86
75,2,1,477,280,6.207142857,1.878571429,190,7.573684211,2.168421053,6,-7,0,0,0,6.586134454,1.970588235
75,2,2,1575,753,5.227091633,1.443559097,758,6.646437995,1.496042216,57,-6.368421053,0.543859649,0,0,5.491709184,1.43622449
75,2,3,548,189,6.693121693,1.148148148,326,5.889570552,1.098159509,28,-5.5,0.25,0,0,5.581952118,1.071823204
75,2,4,42,16,5.5,0.875,25,11.44,0.68,1,-6,0,0,0,8.761904762,0.738095238
75,3,0,208,132,5.924242424,1.037878788,75,6.706666667,2.133333333,1,-6,0,0,0,6.149038462,1.427884615
75,3,1,312,71,6.450704225,1.028169014,218,8.275229358,1.54587156,20,-7.1,0,1,0,6.860841424,1.326860841
75,3,2,575,94,5.829787234,0.776595745,418,8.406698565,1.007177033,59,-6.559322034,0.169491525,1,0,6.436077058,0.882661996
75,3,3,407,77,7.441558442,0.181818182,296,7.307432432,0.689189189,32,-8.15625,0,0,0,6.111111111,0.538271605
75,3,4,33,8,7.375,0,25,8.72,0.84,0,0,0,0,0,8.393939394,0.636363636
75,4,0,101,5,2,0,3,13.66666667,2.333333333,0,0,0,93,0,6.375,0.875
75,4,1,144,1,5,0,4,8.75,2.25,1,-18,0,138,0,3.666666667,1.5
75,4,2,262,1,0,0,4,3,1.75,0,0,0,254,2,2.4,1.4
75,4,3,315,1,14,0,1,0,0,0,0,0,311,2,7,0
75,4,4,44,0,0,0,0,0,0,0,0,0,44,0,0,0
80,1,0,0,0,0,0,0,0,0,0,0,0,0,0,0,0
80,1,1,2,1,1,7,1,20,0,0,0,0,0,0,10.5,3.5
80,1,2,2867,1646,5.527339004,1.362089915,1118,8.493738819,1.545617174,40,-6.05,0.675,0,0,6.544935806,1.425463623
80,1,3,152,83,4.722891566,1.253012048,65,7.2,1.430769231,3,-1.666666667,0,0,0,5.662251656,1.304635762
80,1,4,31,10,3.4,2.1,11,6.090909091,1.272727273,0,0,0,0,0,4.80952381,1.666666667
80,2,0,124,87,5.114942529,1.724137931,37,5.972972973,1.324324324,0,0,0,0,0,5.370967742,1.60483871
80,2,1,240,156,5.237179487,1.608974359,80,8.8875,1.4,3,-1,0,0,0,6.380753138,1.518828452
80,2,2,846,385,5.997402597,1.41038961,430,7.520930233,1.441860465,29,-7.689655172,0.24137931,1,0,6.303317536,1.386255924
80,2,3,455,158,5.582278481,0.740506329,271,7.055350554,1.298892989,18,-7.222222222,0.777777778,0,0,5.959731544,1.080536913
80,2,4,34,8,4.125,0.875,23,8.086956522,0.434782609,3,-9.666666667,0,0,0,5.588235294,0.5
80,3,0,143,87,6.482758621,1.298850575,53,6.79245283,0.660377358,3,-8,0,0,0,6.293706294,1.034965035
80,3,1,157,38,6.105263158,0.736842105,109,5.220183486,1.339449541,7,-6.428571429,0,0,0,4.909090909,1.12987013
80,3,2,322,60,6.183333333,0.516666667,235,7.455319149,1.161702128,27,-6.518518519,0.111111111,0,0,6.046583851,0.953416149
80,3,3,322,87,6.793103448,0.425287356,203,6.527093596,0.477832512,31,-8.225806452,-0.129032258,0,0,5.174454829,0.404984424
80,3,4,35,23,6.391304348,0.304347826,10,0.1,0,2,-6.5,0,0,0,3.857142857,0.2
80,4,0,83,4,2.25,0,0,0,0,0,0,0,79,0,2.25,0
80,4,1,82,4,2.5,-0.5,1,0,0,0,0,0,77,0,2,-0.4
80,4,2,169,1,-14,0,3,3.666666667,0,0,0,0,163,2,-0.75,0
80,4,3,233,5,16.4,4.2,3,3.333333333,0,0,0,0,225,0,11.5,2.625
80,4,4,29,0,0,0,1,0,0,1,-10,0,26,0,-5,0
85,1,0,0,0,0,0,0,0,0,0,0,0,0,0,0,0
85,1,1,0,0,0,0,0,0,0,0,0,0,0,0,0,0
85,1,2,1367,870,5.450574713,1.21954023,461,8.080260304,1.793926247,15,-7.4,0.933333333,1,0,6.208023774,1.41307578
85,1,3,82,41,7.024390244,1.512195122,39,7,1.128205128,1,-1,7,0,0,6.913580247,1.395061728
85,1,4,42,20,5.4,0.85,21,9.333333333,2.80952381,1,-3,0,0,0,7.166666667,1.80952381
85,2,0,67,51,3.176470588,1.803921569,15,13.4,2.333333333,1,-8,0,0,0,5.298507463,1.895522388
85,2,1,162,101,4.851485149,0.98019802,56,4.946428571,1.857142857,4,-7.5,0.75,0,0,4.577639752,1.279503106
85,2,2,503,230,4.791304348,1.108695652,259,9.111969112,1.343629344,12,-6.5,0,0,0,6.754491018,1.203592814
85,2,3,248,108,5.537037037,0.574074074,128,7.9453125,1.3046875,8,-5.75,0.875,0,0,6.430327869,0.967213115
85,2,4,48,11,6.181818182,0,32,7.25,1.03125,5,-6.6,0,0,0,5.5625,0.6875
85,3,0,99,63,4.444444444,0.873015873,35,5.714285714,1.285714286,1,-10,0,0,0,4.747474747,1.01010101
85,3,1,132,27,5.444444444,0.259259259,94,5.914893617,1.138297872,10,-5.6,-0.2,1,0,4.938931298,0.854961832
85,3,2,189,43,4.139534884,-0.046511628,132,8.090909091,0.772727273,13,-6.384615385,0.538461538,0,0,6.186170213,0.569148936
85,3,3,190,63,6.904761905,0.603174603,110,6.227272727,0.509090909,13,-5.615384615,0,2,0,5.629032258,0.505376344
85,3,4,56,22,10.81818182,0.909090909,27,9.074074074,0.62962963,4,-6.5,0,0,0,8.622641509,0.698113208
85,4,0,53,2,2,0,0,0,0,0,0,0,51,0,2,0
85,4,1,72,1,0,0,1,35,7,0,0,0,70,0,17.5,3.5
85,4,2,89,1,11,0,2,0,0,0,0,0,86,0,3.666666667,0
85,4,3,154,3,-4,-2,2,18,0,0,0,0,149,0,4.8,-1.2
85,4,4,50,3,7.333333333,0,0,0,0,0,0,0,47,0,7.333333333,0
90,1,0,0,0,0,0,0,0,0,0,0,0,0,0,0,0
90,1,1,10,6,0.666666667,0.833333333,4,0,0,0,0,0,0,0,0.4,0.5
90,1,2,937,635,6.201574803,1.264566929,276,8.594202899,1.322463768,7,-6.142857143,0,0,0,6.826797386,1.272331155
90,1,3,80,49,7.734693878,1.265306122,31,10.12903226,1.322580645,0,0,0,0,0,8.6625,1.2875
90,1,4,9,5,8,2.8,3,4,0,1,-7,0,0,0,5,1.555555556
90,2,0,18,13,3.538461538,2.384615385,3,15.66666667,4.666666667,2,-4,0,0,0,4.722222222,2.5
90,2,1,107,68,5.941176471,1.529411765,36,7.388888889,1.361111111,1,-3,0,0,0,6.352380952,1.457142857
90,2,2,292,160,6.59375,1.1625,122,9.270491803,1.508196721,10,-4.2,-0.2,0,0,7.342465753,1.260273973
90,2,3,183,88,5.204545455,0.886363636,85,5.870588235,0.423529412,4,-6.75,3.5,0,0,5.254237288,0.723163842
90,2,4,24,14,6.357142857,1.5,10,14.5,0.3,0,0,0,0,0,9.75,1
90,3,0,36,24,6.583333333,1.583333333,12,6,2.333333333,0,0,0,0,0,6.388888889,1.833333333
90,3,1,90,31,6.064516129,1.225806452,56,8.678571429,1.232142857,3,-4.666666667,-0.666666667,0,0,7.333333333,1.166666667
90,3,2,98,24,4.791666667,0.291666667,66,6.348484848,1.454545455,8,-5.5,0,0,0,5,1.051020408
90,3,3,141,55,9.036363636,0.781818182,76,6.565789474,0.539473684,7,-6.285714286,0,0,0,6.898550725,0.608695652
90,3,4,32,9,1,0,21,7.952380952,0,2,-5,0,0,0,5.1875,0
90,4,0,23,0,0,0,0,0,0,0,0,0,23,0,0,0
90,4,1,45,0,0,0,1,11,7,0,0,0,44,0,11,7
90,4,2,42,1,0,0,1,17,0,0,0,0,40,0,8.5,0
90,4,3,100,1,12,7,3,9,0,0,0,0,96,0,9.75,1.75
90,4,4,40,0,0,0,1,0,0,0,0,0,39,0,0,0
95,1,0,5,4,1,7,0,0,0,0,0,0,0,0,1,7
95,1,1,0,0,0,0,0,0,0,0,0,0,0,0,0,0
95,1,2,582,445,4.725842697,1.008988764,124,6.193548387,1.588709677,6,-2.166666667,-0.666666667,0,0,4.970434783,1.116521739
95,1,3,29,19,3.315789474,1,10,13.1,3.4,0,0,0,0,0,6.689655172,1.827586207
95,1,4,1,0,0,0,1,0,7,0,0,0,0,0,0,7
95,2,0,0,0,0,0,0,0,0,0,0,0,0,0,0,0
95,2,1,12,9,7,3.888888889,3,6.666666667,0,0,0,0,0,0,6.916666667,2.916666667
95,2,2,234,141,3.624113475,1.141843972,93,6.655913978,0.924731183,0,0,0,0,0,4.829059829,1.055555556
95,2,3,72,47,5.234042553,0.659574468,22,5.454545455,1.818181818,0,0,0,0,0,5.304347826,1.028985507
95,2,4,10,6,4,0,4,10.5,1.75,0,0,0,0,0,6.6,0.7
95,3,0,0,0,0,0,0,0,0,0,0,0,0,0,0,0
95,3,1,8,4,8.25,0,4,18,0.75,0,0,0,0,0,13.125,0.375
95,3,2,97,36,5.833333333,0,58,8.051724138,0.896551724,2,-2,3.5,0,0,7.010416667,0.614583333
95,3,3,58,25,4.68,0,32,9.71875,0.90625,1,-3,-2,0,0,7.327586207,0.465517241
95,3,4,18,8,6.75,0,10,10.3,0.7,0,0,0,0,0,8.722222222,0.388888889
95,4,0,0,0,0,0,0,0,0,0,0,0,0,0,0,0
95,4,1,3,0,0,0,0,0,0,0,0,0,3,0,0,0
95,4,2,51,0,0,0,1,0,0,0,0,0,50,0,0,0
95,4,3,49,1,0,-2,3,7.333333333,0,0,0,0,45,0,5.5,-0.5
95,4,4,25,0,0,0,0,0,0,0,0,0,25,0,0,0
